name,length,pt1x,pt1y,pt1z,pt2x,pt2y,pt2z
transom_curvesL1_001_line_001,2920.730580723016,11863.435861269203,66739.4060246806,1000.0000237487218,9734.828911555393,64739.48113139069,1000.0000237487228
transom_curvesL1_001_line_002,2692.775900608942,12075.689492865304,66739.40937904909,1951.8085741180473,10341.691537439094,64739.50417478268,2446.45219878754
transom_curvesL1_001_line_003,2541.520897848099,12524.543277865394,66739.41311719807,2845.3265874464287,11251.89935707412,64739.526567912966,3761.9288540049088
transom_curvesL1_001_line_004,2505.995728710724,12873.244612902321,66739.41689945945,3781.657218083286,12132.60083976751,64739.5455126679,5097.702745382955
transom_curvesL1_001_line_005,2597.4918793100405,13288.396767833197,66739.42041080326,4687.162528685501,13117.237672056715,64739.5582052955,6335.864983950316
transom_curvesL1_001_line_006,2261.6959799175293,14168.862958337439,66739.42333855873,5068.6944460167,14616.619715092078,64739.56273606797,6025.4285590078625
transom_curvesL1_001_line_007,2312.093440692602,15165.804283843667,66739.42518886058,4999.718002312189,16150.98912322878,64739.559642367414,5612.681872935146
transom_curvesL1_002_line_001,2182.940285078234,9734.828911555393,64739.48113139069,1000.0000237487228,8859.065359898072,62739.91455590339,1000.0000237487214
transom_curvesL1_002_line_002,2164.089939331863,10115.239173530263,64739.498366357,2116.7813747518117,9304.83746425754,62739.9436236066,1948.5102665079332
transom_curvesL1_002_line_003,2217.1561494751577,10809.25629540684,64739.51562711164,3095.5723734985804,9892.5623767048,62739.96443677819,2817.6358918948376
transom_curvesL1_002_line_004,2260.551733563236,11471.369167941955,64739.53173690439,4096.343078445304,10507.580999807033,62739.977490094454,3668.570567473379
transom_curvesL1_002_line_005,2318.2871128539755,12132.60083976751,64739.5455126679,5097.702745382955,11104.783602579242,62739.98327752637,4532.1961297193475
transom_curvesL1_002_line_006,2390.32968256303,12807.385835783392,64739.55577037495,6087.945837545697,11690.982563938382,62739.98229308762,5403.0913749883775
transom_curvesL1_002_line_007,2607.7559115231998,13890.689464500454,64739.56148015017,6360.514767370122,12217.485429119499,62739.975031166134,6311.187461458638
transom_curvesL1_002_line_008,3022.7918303231013,14979.46037671969,64739.56264377205,5857.247741928372,13003.404961285647,62739.9619910652,6968.135978564369
transom_curvesL1_002_line_009,3205.6984610970953,16150.98912322878,64739.559642367414,5612.681872935146,14043.443803453296,62739.94370406472,6967.780189611308
transom_curvesL1_003_line_001,2005.808057417575,8859.065359898072,62739.91455590339,1000.0000237487214,8709.362752496903,60739.70079419227,1000.0000237487216
transom_curvesL1_003_line_002,2006.7255974886466,9378.922662276414,62739.947090709735,2078.9199151875546,9314.070556630826,60739.742699835064,2226.9882194771135
transom_curvesL1_003_line_003,2020.8822347184905,10071.220627943934,62739.96893650836,3058.6364178598055,10108.295852604922,60739.78134803915,3344.7134096834275
transom_curvesL1_003_line_004,2050.485084485431,10763.52623391053,62739.980831320456,4038.6950164547698,10888.609651529356,60739.81536202378,4472.493720656644
transom_curvesL1_003_line_005,2093.89646200381,11446.047151055804,62739.98351251444,5025.692940188813,11657.396297490159,60739.84336634196,5608.078832499628
transom_curvesL1_003_line_006,2146.398637445947,12059.63562979915,62739.97771767265,6056.213542875027,12423.932300542498,60739.86398560212,6744.588517215338
transom_curvesL1_003_line_007,2230.2944057679915,12863.389611474136,62739.96418770053,6916.28359784789,13287.72857688738,60739.8758470975,7807.236014431317
transom_curvesL1_003_line_008,2267.7899074530023,14043.443803453296,62739.94370406472,6967.780189611308,14546.244725899242,60739.877764206336,7911.071519451466
transom_curvesL1_004_line_001,2015.0398469761467,8709.362752496903,60739.70079419227,1000.0000237487216,8464.998032918114,58739.53293405482,1000.0000237487226
transom_curvesL1_004_line_002,2000.7479328094091,9223.825600229618,60739.73761144505,2081.271264762462,9197.941805090564,58739.51364140032,2119.038836154004
transom_curvesL1_004_line_003,2007.3806102251565,9906.522809724924,60739.772066687925,3067.518452727132,9976.606348660636,58739.48655156961,3220.8907771080785
transom_curvesL1_004_line_004,2026.214759501917,10596.962315105768,60739.80323717779,4048.8998804325456,10722.119350896508,58739.45465662671,4346.36840700766
transom_curvesL1_004_line_005,2056.6630217237544,11277.560615771403,60739.830201372846,5037.224851059702,11452.329921053137,58739.420942099765,5481.838470140074
transom_curvesL1_004_line_006,2096.9860328885675,11934.552413882979,60739.85203785541,6041.292259177405,12173.539905090964,58739.38839327615,6622.997173968851
transom_curvesL1_004_line_007,2148.1652742133806,12635.587973439786,60739.86782541453,7014.315895591885,12932.363024151862,58739.35999527968,7738.544475655015
transom_curvesL1_004_line_008,2206.69575309588,13419.683002748754,60739.876646293116,7915.762874462523,13794.279427501206,58739.33873082625,8768.424421662567
transom_curvesL1_004_line_009,2190.7111121700045,14546.244725899242,60739.877764206336,7911.071519451466,15045.633994376818,58739.326867056974,8651.086143245788
transom_curvesL1_005_line_001,2004.2097689116576,8464.998032918114,58739.53293405482,1000.0000237487226,8337.219683590241,56739.40056562418,1000.0000237487247
transom_curvesL1_005_line_002,2001.3472950326504,9104.005195913829,58739.51622495391,2002.0950509660704,9140.622152665932,56739.40056562414,2061.991153648605
transom_curvesL1_005_line_003,2011.374084785281,9810.726279174054,58739.49309192182,2970.9231684606875,9876.500091342135,56739.400565624266,3173.233328431427
transom_curvesL1_005_line_004,2030.081523862189,10474.267148068422,58739.46563787305,3970.779910106467,10592.987993680188,56739.4005656244,4297.698953777593
transom_curvesL1_005_line_005,2056.980530881786,11127.840099303789,58739.4359598697,4977.154020377169,11309.469048510495,56739.40056562427,5422.1689088947705
transom_curvesL1_005_line_006,2091.8289706022465,11776.51686060308,58739.40615455571,5986.71732132876,12025.964026818634,56739.40056562434,6546.6299910917805
transom_curvesL1_005_line_007,2134.2311340141046,12412.572430466125,58739.378318665105,7004.254864202088,12733.44082052995,56739.4005656242,7676.6200900982785
transom_curvesL1_005_line_008,2192.2390337880684,13109.20063809689,58739.354548503754,7980.8566202385955,13397.163071665345,56739.4005656242,8831.252812893283
transom_curvesL1_005_line_009,2176.0863813995466,13920.075883947511,58739.336935773135,8850.126209634378,14524.68904514876,56739.400565624244,9458.443051395712
transom_curvesL1_005_line_010,2219.1110784927773,15045.633994376818,58739.326867056974,8651.086143245788,15820.473114964421,56739.40056562418,9220.623766878984
transom_curvesR1_001_line_001,2312.093440692602,15165.804283843667,66739.42518886058,4999.718002312189,16150.98912322878,64739.559642367414,5612.681872935146
transom_curvesR1_001_line_002,2658.670888008027,16208.36175010608,66739.42542607876,5151.552011297722,17914.489926401882,64739.54835764591,5549.23184225145
transom_curvesR1_001_line_003,3228.2418569532915,17233.33867594778,66739.4233849347,5060.094348027535,19624.53866912356,64739.529828296516,5899.221180954763
transom_curvesR1_001_line_004,4484.704684826298,17578.757927410737,66739.41895545235,4099.17719344131,21109.300578720227,64739.50487428411,6009.200325587229
transom_curvesR1_001_line_005,4622.081199527496,17600.77278270656,66739.41309654368,3044.7640520251216,21571.416547402954,64739.47531249985,4308.8334998234095
transom_curvesR1_001_line_006,4924.44813100718,17687.210290891937,66739.40700981283,1993.6907686490315,22141.023213422606,64739.445498332236,2637.0365533365366
transom_curvesR1_001_line_007,5729.354064146333,17430.607121367757,66739.40190641978,1000.000023748722,22799.552096800842,64739.41994572065,1000.0000237487235
transom_curvesR1_002_line_001,2444.7707772250715,16150.98912322878,64739.559642367414,5612.681872935146,17498.22078821057,62739.848041817575,6016.444809161932
transom_curvesR1_002_line_002,2512.8075084116185,17325.848980069637,64739.552975702005,5543.36656118184,18771.947041851778,62739.80449860706,6016.661393602596
transom_curvesR1_002_line_003,2602.8817190885584,18501.877599127525,64739.54293496691,5586.89942496016,20017.206856173416,62739.75731799971,6279.45120820622
transom_curvesR1_002_line_004,2697.6313580486467,19624.53866912356,64739.529828296516,5899.221180954763,21066.43507429733,62739.70737753022,6994.1457747444165
transom_curvesR1_002_line_005,2591.4128437663503,20680.469707903165,64739.513872679316,6362.601278418764,22149.280552444183,62739.65557693415,7109.9847320322
transom_curvesR1_002_line_006,2366.6574888331015,21297.11926629732,64739.49533211431,5453.331004224631,22486.041147250606,62739.60322540028,5886.879146814596
transom_curvesR1_002_line_007,2385.4885852561333,21571.416547402954,64739.47531249985,4308.8334998234095,22824.115132426457,62739.55245357109,4657.560619218518
transom_curvesR1_002_line_008,2369.041725355559,21951.171924286056,64739.45518499629,3194.3082229816027,23197.52253999877,62739.505533704796,3437.5575425844017
transom_curvesR1_002_line_009,2376.7744084367237,22349.72204701441,64739.4362851597,2086.8212123591634,23625.260484527393,62739.46473578293,2235.724149570442
transom_curvesR1_002_line_010,2159.3421300746427,22799.552096800842,64739.41994572065,1000.0000237487235,23613.682287842796,62739.432329071664,1000.0000237487252
transom_curvesR1_003_line_001,2558.5970679322104,17498.22078821057,62739.848041817575,6016.444809161932,19047.10617391091,60739.809856731816,6400.137754359091
transom_curvesR1_003_line_002,2496.874425096241,18771.947041851778,62739.80449860706,6016.661393602596,20150.63279272063,60739.77911116348,6594.161129214682
transom_curvesR1_003_line_003,2436.29865635242,20017.206856173416,62739.75731799971,6279.45120820622,21198.933983334042,60739.74360623771,7013.629178892671
transom_curvesR1_003_line_004,2363.5121494757987,21066.43507429733,62739.70737753022,6994.1457747444165,22304.815915278738,60739.70375219633,7223.466667951253
transom_curvesR1_003_line_005,2274.6172038599166,22149.280552444183,62739.65557693415,7109.9847320322,23035.74193269389,60739.65993792505,6487.018369083237
transom_curvesR1_003_line_006,2196.128734203283,22486.041147250606,62739.60322540028,5886.879146814596,23235.238134522988,60739.6134601743,5375.287287568724
transom_curvesR1_003_line_007,2142.3479181340667,22824.115132426457,62739.55245357109,4657.560619218518,23489.802843932153,60739.566607698594,4274.714580459629
transom_curvesR1_003_line_008,2094.1678047443515,23197.52253999877,62739.505533704796,3437.5575425844017,23761.625709331354,60739.52171870155,3177.959490777813
transom_curvesR1_003_line_009,2059.8574519578865,23625.260484527393,62739.46473578293,2235.724149570442,24099.281065946212,60739.48113177379,2100.140985156805
transom_curvesR1_003_line_010,2091.108646918282,23613.682287842796,62739.432329071664,1000.0000237487252,24224.251525150823,60739.44718420946,1000.0000237487219
transom_curvesR1_004_line_001,2109.9828812884252,19047.10617391091,60739.809856731816,6400.137754359091,19481.613963778105,58739.34128473577,6911.367871166606
transom_curvesR1_004_line_002,2113.7551305914076,20281.887175928685,60739.774924502846,6646.327136303178,20856.35069389854,58739.35403116578,7015.472999240474
transom_curvesR1_004_line_003,2148.4267381630034,21472.61027420505,60739.734036334106,7083.363818518826,22165.174993460678,58739.36699217909,7450.27422659501
transom_curvesR1_004_line_004,2214.3255507321533,22696.342635910612,60739.68775785338,7088.163454471628,23404.490295618576,58739.37810252978,7721.034546791823
transom_curvesR1_004_line_005,2148.149464934624,23146.439764305593,60739.636891878166,5933.23065247377,23770.401081571956,58739.38645595591,6406.745796737343
transom_curvesR1_004_line_006,2140.231463604884,23387.872832220117,60739.58407277121,4685.998636508606,24055.655065480543,58739.39238831348,5051.909598591117
transom_curvesR1_004_line_007,2134.042012845748,23693.749283423294,60739.532628977606,3452.167867348213,24392.519123515383,58739.396340702835,3707.7277458401836
transom_curvesR1_004_line_008,2129.5204908482874,24054.949386394328,60739.48589001515,2234.2426647249126,24772.3240406191,58739.39875145018,2375.2482127207163
transom_curvesR1_004_line_009,2081.4074877453713,24224.251525150823,60739.44718420946,1000.0000237487219,24800.50548863644,58739.40005986223,1000.0000237487222
transom_curvesR2_001_line_001,2117.3898867975745,20249.680424770304,56739.400565624164,7425.617087296716,20559.000507046097,54739.400237798676,8048.240334623286
transom_curvesR2_001_line_002,2106.596863247161,21604.18120635294,56739.40056562403,7470.8219282299815,22152.009847687255,54739.40023779855,7841.810893934549
transom_curvesR2_001_line_003,2198.672656063213,22877.381799491563,56739.40056562422,7948.801795152123,23663.630236469384,54739.40023779876,8413.53132140159
transom_curvesR2_001_line_004,2317.4217485535078,23961.751010187672,56739.40056562435,8776.275576513357,24973.72419632559,54739.40023779868,9364.792797929927
transom_curvesR2_001_line_005,3074.1727450022536,25034.193359466346,56739.40056562421,8436.520651604413,26137.664458406358,54739.40023779875,10493.919078894778
transom_curvesR2_001_line_006,4787.289540393651,26012.385593369127,56739.400565623866,7520.714176652602,27225.50644692283,54739.400237798654,11697.612263383307
transom_curvesR2_001_line_007,5940.999618457906,27351.762439339516,56739.400565629716,7298.7936667581125,28416.333859161063,54739.40023779871,12790.80266595795
transom_curvesR2_001_line_008,6604.253297884202,28705.470305907667,56739.40056562456,7132.051433690983,29920.823503265692,54739.400237798385,13307.735761519049
transom_curvesR2_001_line_009,6292.872585431192,30069.406072054255,56739.400565624164,7116.34453611106,31491.22471377313,54739.40023779854,12911.055556967021
transom_curvesR2_001_line_010,6484.784527053001,31429.133294906736,56739.40056562423,7028.723387985368,33108.18618083791,54739.40023779865,12964.48032853219
transom_curvesR2_001_line_011,7217.918372685318,32750.780333174713,56739.40056562419,6707.240817726979,34674.91070280899,54739.40023779884,13370.278161468781
transom_curvesR2_001_line_012,8239.813482083677,33825.87945923736,56739.400565624244,5888.19396441859,36273.74179433326,54739.40023779862,13497.562853928688
transom_curvesR2_001_line_013,9097.029971213415,34712.28669168214,56739.400565624244,4850.5052557177505,37858.076769185594,54739.40023779875,13148.695285726333
transom_curvesR2_001_line_014,9558.57114317636,35786.91953122283,56739.40056562392,4017.0446319155253,39391.87743827219,54739.40023779872,12640.881334698413
transom_curvesR2_001_line_015,9035.418783546313,37031.62851102487,56739.40056562522,3466.7117128510563,40570.63040342509,54739.400237798945,11536.052261393048
transom_curvesR2_001_line_016,7910.7372676670575,38385.65736918731,56739.400565623706,3382.5359715523373,41635.64066650033,54739.40023779839,10311.99275934902
transom_curvesR2_001_line_017,6413.156860212803,39708.6046397907,56739.400565624426,3699.5270927881647,42642.852370839195,54739.400237798356,9039.823887464177
transom_curvesR2_001_line_018,4996.265357314641,41045.09033948601,56739.40056562418,3963.933501738581,43623.66516242939,54739.40023779873,7747.267757640773
transom_curvesR2_001_line_019,3816.6087560206843,42406.79867982325,56739.40056562408,4003.638579177135,44570.559259819696,54739.400237798705,6429.466528081511
transom_curvesR2_001_line_020,2999.6403960161238,43740.69655977254,56739.40056562429,3729.807611243247,45504.99155386486,54739.400237798625,5102.798641050002
transom_curvesR2_001_line_021,2616.950362681917,44901.76286332727,56739.40056562422,3032.534661776307,46422.53991652309,54739.40023779891,3764.4260771602303
transom_curvesR2_001_line_022,2553.4328452645386,45833.40254574586,56739.40056562461,2036.1327762010962,47367.156315508066,54739.400237798676,2445.54376495464
transom_curvesR2_001_line_023,2354.4405971553433,46719.44088026847,56739.400565624135,1000.0000237487253,47961.773047698436,54739.40023779867,1000.0000237487246
transom_curvesR2_002_line_001,2557.751109030557,20559.000507046097,54739.400237798676,8048.240334623286,22120.41317351391,52739.39990997308,8370.854515090337
transom_curvesR2_002_line_002,2701.356114063386,21958.620352839403,54739.400237798734,7819.254266539273,23591.595300842077,52739.39990997331,8613.430797847966
transom_curvesR2_002_line_003,2777.802868643505,23315.424430673702,54739.40023779878,8239.156739204656,24933.922567751182,52739.39990997325,9286.367914669556
transom_curvesR2_002_line_004,2833.7732883303265,24525.368754698116,54739.40023779867,8990.386417249521,26114.676264564125,52739.399909973254,10216.914597698797
transom_curvesR2_002_line_005,2882.2369290712045,25597.328086268917,54739.40023779875,9933.001833669518,27156.278899365065,52739.39990997326,11303.024010988778
transom_curvesR2_002_line_006,2937.959126304759,26580.756811273346,54739.40023779906,10968.239465185172,28191.52138083289,52739.399909973166,12395.488573780229
transom_curvesR2_002_line_007,3003.842266625451,27527.048640206343,54739.40023779872,12037.445575440222,29283.65310078495,52739.39990997328,13429.353553914018
transom_curvesR2_002_line_008,3063.9281371505267,28634.022258585934,54739.400237798705,12932.259275161197,30399.07728795043,52739.39990997243,14439.652741258418
transom_curvesR2_002_line_009,3305.851125394607,29985.13172474383,54739.40023779847,13299.790089155733,31527.72227923921,52739.399909973254,15432.643748728618
transom_curvesR2_002_line_010,4083.522158322543,31362.75177591975,54739.40023779869,12929.641352431396,32836.66468580879,52739.399909973064,16170.433329752836
transom_curvesR2_002_line_011,4367.721278964524,32786.07922022706,54739.400237798465,12924.898457775917,34296.56293670388,52739.39990997328,16501.96804078336
transom_curvesR2_002_line_012,4167.262988841853,34183.030660519325,54739.400237798574,13203.887825974396,35800.572318716244,52739.39990997318,16482.55195803596
transom_curvesR2_002_line_013,3794.922020761703,35562.62742928911,54739.40023779865,13547.878716290861,37289.9614837134,52739.39990997422,16271.43317632841
transom_curvesR2_002_line_014,3769.5072134835877,36973.28403353983,54739.40023779885,13355.757125273829,38769.09976906336,52739.399909972904,15998.526348124547
transom_curvesR2_002_line_015,3287.278264964044,38364.03041259472,54739.40023779879,13031.95088642127,39937.1636816162,52739.39990997322,15113.164185893576
transom_curvesR2_002_line_016,2641.133770082588,39660.283195629185,54739.400237798596,12458.64043137299,40713.71340895606,52739.39990997326,13824.60934237328
transom_curvesR2_002_line_017,2463.489811228392,40656.262227958534,54739.4002377987,11438.48316580556,41544.60537539086,52739.399909973086,12569.689243906967
transom_curvesR2_002_line_018,2344.658167127374,41594.412230703056,54739.40023779829,10362.12614201364,42368.294833268126,52739.399909973436,11310.032427900953
transom_curvesR2_002_line_019,2263.825295841417,42484.10223848043,54739.4002377984,9245.271403200792,43181.99338084003,52739.39990997303,10043.927532085994
transom_curvesR2_002_line_020,2197.0624084023075,43356.96224364133,54739.400237798865,8115.105927079451,43986.18476787459,52739.39990997329,8771.734383750085
transom_curvesR2_002_line_021,2154.026867723183,44192.469332940724,54739.40023779864,6957.065801627906,44783.98806622892,52739.399909973254,7495.522878599524
transom_curvesR2_002_line_022,2114.8786627190916,45019.45669729937,54739.40023779874,5792.927073433837,45566.246450357175,52739.399909973145,6209.738076974989
transom_curvesR2_002_line_023,2082.5801685868464,45838.07493440499,54739.40023779879,4622.893016700905,46338.25381561434,52739.39990997325,4917.78271486123
transom_curvesR2_002_line_024,2060.8170851843324,46641.71428408614,54739.40023779883,3442.500957869932,47104.884501229244,52739.39990997297,3622.6095285591546
transom_curvesR2_002_line_025,2037.5449443037558,47483.935591498695,54739.40023779896,2289.7213856587223,47871.42867079673,52739.39990997318,2327.631836074085
transom_curvesR2_002_line_026,2092.493172029901,47961.773047698436,54739.40023779867,1000.0000237487246,48577.018010042695,52739.399909973254,1000.000023748717
transom_curvesR3_001_line_001,2089.6799539587646,37230.26808558098,52739.399909975626,16282.560356805738,37006.51262995086,50739.48668387567,15719.494735298496
transom_curvesR3_001_line_002,2123.61166141499,38519.91469883235,52739.39990997317,16062.579895654839,38268.61116103747,50739.49802481368,15394.025133406443
transom_curvesR3_001_line_003,2061.9419170898063,39661.815097182196,52739.39990997321,15473.324781442907,39508.87573156155,50739.509256800695,14995.149713869585
transom_curvesR3_001_line_004,2031.8350108216448,40366.033979985026,52739.39990997325,14374.348127377598,40706.67431206752,50739.52027121488,14487.481260627936
transom_curvesR3_001_line_005,2077.333919094533,41076.931556350406,52739.399909973195,13276.143328288936,41573.67845834604,50739.530960521166,13538.979611545317
transom_curvesR3_001_line_006,2042.6070285551018,41797.90664411162,52739.39990997308,12184.269654040778,42165.62999202486,50739.54121811376,12378.146483746936
transom_curvesR3_001_line_007,2030.307317258682,42512.84039630139,52739.399909973305,11088.428311138328,42822.48291200569,50739.5509378041,11252.359404882758
transom_curvesR3_001_line_008,2020.552245470694,43218.37403265493,52739.399909973064,9986.534828142076,43472.75505204696,50739.560013976705,10122.777494113516
transom_curvesR3_001_line_009,2012.6558485384378,43917.84608823489,52739.39990997326,8880.761729906179,44116.84925192044,50739.56834103986,8989.642404943148
transom_curvesR3_001_line_010,2007.2111139758888,44611.46641385026,52739.39990997331,7771.307083887734,44760.937354075686,50739.575813366486,7856.503778231751
transom_curvesR3_001_line_011,2003.9322824194273,45295.80171110059,52739.3999099731,6656.13236348933,45405.10734513466,50739.582325422336,6723.411627848342
transom_curvesR3_001_line_012,2002.003448836223,45972.82727822335,52739.39990997329,5536.476887556673,46049.39662164388,50739.58777160709,5590.387517709606
transom_curvesR3_001_line_013,2001.152798315907,46638.17162036186,52739.3999099748,4409.839045538715,46693.93158211904,50739.59204626116,4457.503047694449
transom_curvesR3_001_line_014,2000.6014662812559,47309.65517267173,52739.39990997312,3286.876536210878,47346.74372204115,50739.59504383825,3329.434306073333
transom_curvesR3_001_line_015,2000.6713041147852,47962.62317777449,52739.399909973086,2153.432746006898,47997.69896447997,50739.59665873771,2200.78580972796
transom_curvesR3_001_line_016,2001.348656217779,48577.018010042695,52739.399909973254,1000.000023748717,48498.38019157456,50739.59678535041,1000.0000237487246
transom_curvesR3_002_line_001,2267.2808924730257,37006.51262995086,50739.48668387567,15719.494735298496,37764.33970121535,48739.399254321695,14967.224139321133
transom_curvesR3_002_line_002,2248.3489112962775,38268.61116103747,50739.49802481368,15394.025133406443,38948.65065358224,48739.3992543221,14624.464204184656
transom_curvesR3_002_line_003,2220.5311907444284,39508.87573156155,50739.509256800695,14995.149713869585,40122.34025699242,48739.39925432188,14250.851371072202
transom_curvesR3_002_line_004,2227.997330547627,40706.67431206752,50739.52027121488,14487.481260627936,41184.94954483071,48739.39925432213,13630.311018239312
transom_curvesR3_002_line_005,2198.199442996041,41573.67845834604,50739.530960521166,13538.979611545317,42056.75926198141,48739.39925432205,12765.554187729853
transom_curvesR3_002_line_006,2171.0947159271964,42165.62999202486,50739.54121811376,12378.146483746936,42646.7521353974,48739.399254322125,11684.168189155995
transom_curvesR3_002_line_007,2143.8186068131195,42822.48291200569,50739.5509378041,11252.359404882758,43240.13184729753,48739.399254322,10603.575289146676
transom_curvesR3_002_line_008,2119.4375750216177,43472.75505204696,50739.560013976705,10122.777494113516,43849.55785340719,48739.39925432203,9531.68340783094
transom_curvesR3_002_line_009,2097.257729040251,44116.84925192044,50739.56834103986,8989.642404943148,44459.17394313851,48739.399254322314,8459.899625529395
transom_curvesR3_002_line_010,2077.2307180872167,44760.937354075686,50739.575813366486,7856.503778231751,45069.03916029825,48739.39925432254,7388.257618804206
transom_curvesR3_002_line_011,2059.416358952307,45405.10734513466,50739.582325422336,6723.411627848342,45679.08922446842,48739.399254322474,6316.720895961517
transom_curvesR3_002_line_012,2043.8691447901103,46049.39662164388,50739.58777160709,5590.387517709606,46289.197145286365,48739.39925432226,5245.217001576244
transom_curvesR3_002_line_013,2030.6363138601089,46693.93158211904,50739.59204626116,4457.503047694449,46899.27841205679,48739.39925432208,4173.697984884013
transom_curvesR3_002_line_014,2019.6215725962295,47346.74372204115,50739.59504383825,3329.434306073333,47509.34705410409,48739.3992543221,3102.1717783658914
transom_curvesR3_002_line_015,2011.72301630921,47997.69896447997,50739.59665873771,2200.78580972796,48151.31387663111,48739.39925432209,2050.31223569575
transom_curvesR3_002_line_016,2021.1950151921922,48498.38019157456,50739.59678535041,1000.0000237487246,48788.964303845525,48739.399254321674,1000.0000237487175
transom_curvesR3_003_line_001,2325.004210675182,37764.33970121535,48739.399254321695,14967.224139321133,38566.77319308117,46739.21140985691,14094.874635025604
transom_curvesR3_003_line_002,2291.099321567884,39033.76671904776,48739.39925432202,14601.833257435843,39713.7074751145,46739.22897176308,13715.190426135505
transom_curvesR3_003_line_003,2248.344671907062,40282.5605360846,48739.399254322096,14177.661722849887,40856.521081639126,46739.246160540184,13326.186146409626
transom_curvesR3_003_line_004,2209.6227957172105,41392.54162959994,48739.399254322096,13466.968307481242,41849.312051207846,46739.262893105115,12646.45126449251
transom_curvesR3_003_line_005,2165.4368086923273,42243.873431567066,48739.399254322,12467.168581868336,42647.81142297733,46739.27908545249,11742.275498982011
transom_curvesR3_003_line_006,2125.183033208949,42849.70260713549,48739.39925432217,11293.401482234089,43244.56861741458,46739.29464556557,10693.347057539067
transom_curvesR3_003_line_007,2089.138328863821,43501.295967999366,48739.39925432181,10144.182470394215,43810.882153462335,46739.309487772625,9626.209231081964
transom_curvesR3_003_line_008,2059.306802730365,44154.33614494319,48739.39925432215,8995.774434886162,44394.31808766533,46739.32352137475,8568.164522215995
transom_curvesR3_003_line_009,2035.5071818936406,44807.63934447995,48739.399254322474,7847.516280917904,44970.75596867924,46739.33665702187,7506.294855257695
transom_curvesR3_003_line_010,2018.226652535469,45461.20083407986,48739.399254322525,6699.404930683776,45541.29806915326,46739.348805189176,6441.293608073527
transom_curvesR3_003_line_011,2009.3144223257016,46114.88150792884,48739.39925432232,5551.361452519979,46082.83502839197,46739.359876572904,5361.203732805306
transom_curvesR3_003_line_012,2009.1610695334102,46768.54892629259,48739.399254322125,4403.310481121513,46622.214450790205,46739.36978198529,4280.036256759245
transom_curvesR3_003_line_013,2018.0932434558895,47422.19441366739,48739.399254322154,3255.2469646875034,47158.96584212694,46739.37843231548,3197.560138229045
transom_curvesR3_003_line_014,2035.4820255446252,48101.17739242356,48739.39925432211,2122.722355475398,47722.904194096234,46739.385738430625,2129.2338832412483
transom_curvesR3_003_line_015,2128.9197094452347,48788.964303845525,48739.399254321674,1000.0000237487175,48059.396925656016,46739.39161184976,1000.0000237487228
transom_curvesR3_004_line_001,2104.2437537968012,38566.77319308117,46739.21140985691,14094.874635025604,38130.437804493624,44739.3809118226,13606.887767178881
transom_curvesR3_004_line_002,2109.4401916166657,39802.77120113748,46739.23030824395,13688.6223990748,39415.88711893331,44739.37240185133,13140.327785583355
transom_curvesR3_004_line_003,2112.4868242140647,41022.51654735671,46739.24876616029,13242.78904695451,40691.06645226423,44739.362499911214,12648.485808691812
transom_curvesR3_004_line_004,2054.6429528747717,42049.38097138911,46739.26668072746,12452.272109505036,41896.98132811073,44739.35133292182,12006.547290655973
transom_curvesR3_004_line_005,2052.504129964038,42851.3492918115,46739.28394238516,11431.386872647063,42767.56578081164,44739.33902916136,10977.543429514728
transom_curvesR3_004_line_006,2089.5026107868703,43454.73362906139,46739.3004440784,10278.885944233216,43265.27726668184,44739.32572054569,9704.230784620668
transom_curvesR3_004_line_007,2145.0219806914843,44080.19331891392,46739.316070712724,9137.899126110704,43762.94465696629,44739.311567712444,8430.470986918705
transom_curvesR3_004_line_008,2221.3544291181656,44705.70064701336,46739.330711716044,7996.928164336199,44241.02489261862,44739.296736962715,7149.369291529731
transom_curvesR3_004_line_009,2338.633409225361,45324.1406312665,46739.34425537972,6852.104950006764,44650.094111062586,44739.28139449894,5844.823428349877
transom_curvesR3_004_line_010,2492.5603445871534,45916.153080828575,46739.35659004418,5693.51148571036,44998.129653575794,44739.26570662968,4523.158326828099
transom_curvesR3_004_line_011,2954.3660943087393,46498.22872909995,46739.36760426862,4529.779746307968,44774.649618584735,44739.24983433202,3204.2296810971197
transom_curvesR3_004_line_012,3931.5803013891577,47076.433677458976,46739.377186759,3364.1173013792345,43918.81811199402,44739.23390264141,2145.0133476476367
transom_curvesR3_004_line_013,5378.2804669971865,47678.53480925958,46739.385226170336,2210.9007597452455,42743.64533846319,44739.21800426671,1454.5293052807651
transom_curvesR3_004_line_014,6901.213833877019,48059.396925656016,46739.39161184976,1000.0000237487228,41454.399211315016,44739.202227204965,1000.0000237487224
transom_curvesL2_001_line_001,2012.873606886223,12656.995420265175,54739.40023779891,1000.0000237487229,12429.70959581406,52739.399909973254,1000.0000237487226
transom_curvesL2_001_line_002,2012.2661684387367,12951.449783866588,54739.40023779882,2154.9016890394428,13088.464914318953,52739.3999099732,2329.374252405871
transom_curvesL2_001_line_003,2066.1270073076353,13525.52306110188,54739.400237798625,3208.2074278501027,13786.959755312908,52739.3999099732,3656.013584511907
transom_curvesL2_001_line_004,2160.7650323060216,14084.145340635261,54739.40023779862,4270.147672425722,14459.485305659327,52739.39990997335,4996.8003571321005
transom_curvesL2_001_line_005,2291.207755261047,14632.883765649072,54739.40023779865,5337.333698205606,15132.659484125588,52739.39990997318,6337.261644453573
transom_curvesL2_001_line_006,2451.659388580315,15180.233268903577,54739.40023779865,6405.232657676854,15804.901902193596,52739.39990997333,7678.190451516144
transom_curvesL2_001_line_007,2635.6204453571663,15709.018887861785,54739.400237798094,7481.984473824754,16395.779361416564,52739.39990997331,9055.151303073415
transom_curvesL2_001_line_008,2758.8348817455862,16186.379468992485,54739.40023779869,8581.597966646963,17353.222905009283,52739.39990997288,10081.479625064505
transom_curvesL2_001_line_009,2631.9819077471084,17160.801679030137,54739.4002377988,9165.390041198212,18788.721269585003,52739.39990997324,9691.892897879383
transom_curvesL2_002_line_001,2007.594511749459,12429.70959581406,52739.399909973254,1000.0000237487226,12604.102065716917,50739.39416246958,1000.0000237487221
transom_curvesL2_002_line_002,2006.7383642129264,13000.323037647064,52739.39990997318,2187.9222326876607,13019.702479808078,50739.390319533646,2350.9711142397387
transom_curvesL2_002_line_003,2021.2616926560947,13637.648369635892,52739.399909972875,3357.991369239663,13721.394156943885,50739.38654134129,3638.048503771345
transom_curvesL2_002_line_004,2044.4981111405002,14235.150261961706,52739.399909973334,4549.951979264362,14379.438450930702,50739.382947928956,4948.80733715228
transom_curvesL2_002_line_005,2076.071502211215,14833.537734697717,52739.39990997329,5741.467535949825,15037.731658592602,50739.37965723745,6259.441195882839
transom_curvesL2_002_line_006,2115.580225650952,15431.53286078695,52739.399909973145,6933.180385321678,15696.05813936402,50739.37678715781,7570.058377061893
transom_curvesL2_002_line_007,2162.9578711285317,16028.203507770739,52739.39990997325,8125.549177225309,16334.361937211668,50739.37445557504,8890.10914878959
transom_curvesL2_002_line_008,2216.0999216855753,16524.004634868317,52739.39990997319,9362.68214471871,16983.62296606085,50739.37278060836,10199.187574665999
transom_curvesL2_002_line_009,2264.071442839506,17519.073799276117,52739.39990997326,10082.564940326907,18242.815734630658,50739.37188392862,10858.519194343608
transom_curvesL2_002_line_010,2257.543964877136,18788.721269585003,52739.39990997324,9691.892897879383,19596.666456249422,50739.371907520355,10357.938930900602
transom_curvesL2_003_line_001,2032.220458637844,12604.102065716917,50739.39416246958,1000.0000237487221,12243.629653599353,48739.39925432397,1000.0000237487218
transom_curvesL2_003_line_002,2000.145604485532,12945.203535515471,50739.39070295381,2224.6350847355047,12955.199452459347,48739.399254322074,2247.366696802771
transom_curvesL2_003_line_003,2005.9872580408617,13589.73557949913,50739.38728599162,3375.9217094165942,13609.683665520852,48739.399254322314,3529.657933078713
transom_curvesL2_003_line_004,2018.404039904679,14181.96051860904,50739.383999531754,4555.612127026077,14251.843545018506,48739.39925432215,4818.5422505422775
transom_curvesL2_003_line_005,2037.707473689593,14774.407534280188,50739.38092964699,5735.191090130225,14898.220203133376,48739.39925432228,6105.32008079054
transom_curvesL2_003_line_006,2063.8226766945086,15366.901392252757,50739.37816224784,6914.746561005145,15544.528976434862,48739.39925432217,7392.131992316728
transom_curvesL2_003_line_007,2096.568851120849,15959.324600286518,50739.375783308045,8094.337455518091,16188.198119281986,48739.39925432213,8680.265559723963
transom_curvesL2_003_line_008,2135.2905891992127,16502.02903398948,50739.37387876215,9296.9089803415,16816.09675531474,48739.399254321994,9975.82640414188
transom_curvesL2_003_line_009,2195.0297876174845,17185.012204549603,50739.372534818285,10411.51012653028,17390.416769779247,48739.39925432209,11292.459393180841
transom_curvesL2_003_line_010,2167.8363385887337,18389.281088699172,50739.371842321874,10854.015464014066,18681.267128525116,48739.399254322125,11637.831890674132
transom_curvesL2_003_line_011,2185.08580621153,19596.666456249422,50739.371907520355,10357.938930900602,20022.783288782084,48739.399254322045,11128.090741908232
transom_curvesL2_004_line_001,2024.6816262901089,12243.629653599353,48739.39925432397,1000.0000237487218,12555.808732327698,46738.92933187048,1000.0000237487188
transom_curvesL2_004_line_002,2013.0400398847519,12885.732869590895,48739.399254322096,2136.4096554301636,12909.50874365385,46738.917227478094,2359.6507140772264
transom_curvesL2_004_line_003,2026.9540471139842,13493.446316804275,48739.39925432226,3295.0569053260238,13577.492515390692,46738.90791092439,3610.514240959715
transom_curvesL2_004_line_004,2047.0723034870969,14075.767190678922,48739.399254322125,4467.498384360393,14206.733872601817,46738.90130385595,4881.455742201402
transom_curvesL2_004_line_005,2072.7699126310217,14663.172524520796,48739.39925432222,5637.40169815947,14840.388485032205,46738.89732352541,6150.199552022633
transom_curvesL2_004_line_006,2103.7510034490438,15250.826427303555,48739.39925432226,6807.1803321328125,15476.062701526938,46738.895887242084,7417.936571223086
transom_curvesL2_004_line_007,2139.927156149636,15837.672209677716,48739.399254322074,7977.364193723782,16108.898985186357,46738.89691231716,8687.092768255427
transom_curvesL2_004_line_008,2180.980138978199,16421.661940395148,48739.399254322125,9148.976211982414,16738.47358140073,46738.900316059175,9957.869745613092
transom_curvesL2_004_line_009,2226.39572003345,16955.987026004295,48739.399254322074,10342.78844343298,17330.188793378926,46738.906015857574,11245.472077013863
transom_curvesL2_004_line_010,2277.650304406991,17563.553603772652,48739.39925432206,11487.246014475166,17944.39758277654,46738.91392763088,12507.39660655215
transom_curvesL2_004_line_011,2216.0339319552204,18808.31210612905,48739.3992543222,11606.298485712021,19268.3458886757,46738.92391699445,12441.3276655831
transom_curvesL2_004_line_012,2188.3121122838425,20022.783288782084,48739.399254322045,11128.090741908232,20552.15732943839,46738.93574876725,11839.862326611375
transom_curvesL2_005_line_001,2000.4904923713377,12555.808732327698,46738.92933187048,1000.0000237487188,12506.210002499078,44739.05379172617,1000.0000237487202
transom_curvesL2_005_line_002,2001.6219247839242,12857.546208528498,46738.91812879132,2253.513137506528,12806.00307047231,44739.063438697594,2319.957499232242
transom_curvesL2_005_line_003,2005.2566871176243,13469.343600929284,46738.90927330511,3400.345939632947,13478.468017278215,44739.0751236162,3547.432648734411
transom_curvesL2_005_line_004,2014.6198681030978,14049.55167122892,46738.902706136345,4563.656676969432,14099.042886885663,44739.08867954803,4802.377626174153
transom_curvesL2_005_line_005,2028.8204186875691,14628.155822638002,46738.8983635391,5727.795289417077,14719.750517192224,44739.103937076194,6057.256903419417
transom_curvesL2_005_line_006,2047.964939632244,15211.551095534636,46738.896181824566,6889.5360554683275,15341.394033166871,44739.12072661508,7311.672685307093
transom_curvesL2_005_line_007,2071.6559892714295,15792.769380578502,46738.89609727825,8052.370769931769,15964.036103388553,44739.1388785775,8565.593249755399
transom_curvesL2_005_line_008,2099.822377852421,16371.676008923705,46738.89804621409,9216.357995215001,16585.079252430693,44739.15822342993,9820.306432883037
transom_curvesL2_005_line_009,2132.735522820043,16947.97357038979,46738.90196495227,10381.643047974483,17192.600056696087,44739.17859147945,11081.518124029079
transom_curvesL2_005_line_010,2168.501979350218,17448.67559226069,46738.90778975425,11579.628918305672,17830.23238458874,44739.19981333045,12326.611687652576
transom_curvesL2_005_line_011,2218.841270235614,18137.788573457852,46738.91545530283,12637.142646626227,18628.914552815335,44739.221717359294,13463.748241411533
transom_curvesL2_005_line_012,2251.0060684270597,19375.712814059076,46738.92483514831,12391.939043027289,19913.635296423374,44739.24407003664,13274.517402554018
transom_curvesL2_005_line_013,2193.3926240529554,20552.15732943839,46738.93574876725,11839.862326611375,21109.12472530003,44739.26643699764,12548.439186778187
transom_curvesL2_006_line_001,2010.8212671032798,12506.210002499078,44739.05379172617,1000.0000237487202,12292.19109965487,42739.65436253244,1000.0000237487208
transom_curvesL2_006_line_002,2000.528951691473,12753.761949110663,44739.06262229082,2225.7869236308543,12709.821549401315,42739.63680572041,2275.603907290253
transom_curvesL2_006_line_003,2004.0717315237303,13382.864649420644,44739.07319991741,3354.4288365835873,13373.21807227754,42739.61806377525,3490.0371224538585
transom_curvesL2_006_line_004,2011.6208859785736,13955.818950395193,44739.085394051785,4512.782042313916,13986.985272232543,42739.59843979775,4731.183436669089
transom_curvesL2_006_line_005,2023.3511154059065,14528.75180760809,44739.09907140633,5671.146014898386,14600.961767511373,42739.57823526281,5972.230527507395
transom_curvesL2_006_line_006,2039.119774988511,15102.079479296273,44739.114098603786,6829.314557848855,15217.427142925806,42739.55775168172,7212.040032214084
transom_curvesL2_006_line_007,2058.8948530027847,15676.727458966778,44739.13034225868,7986.828605119838,15835.736180700918,42739.53729043729,8450.931900994223
transom_curvesL2_006_line_008,2082.68053871048,16250.907980493745,44739.14766899525,9144.574516838406,16450.66341713579,42739.51715294738,9691.505765850075
transom_curvesL2_006_line_009,2110.219613595975,16823.602028212325,44739.16594562274,10303.05651933727,17064.70181044255,42739.49764065853,10932.520086778008
transom_curvesL2_006_line_010,2141.004127341186,17373.16174254813,44739.18503819784,11472.61650769767,17672.134978871763,42739.479054988915,12176.668819655104
transom_curvesL2_006_line_011,2181.9916757336687,17993.768944509582,44739.20481387339,12605.226377813045,18212.046613138915,42739.461697439096,13450.48965077741
transom_curvesL2_006_line_012,2139.440088200503,18814.88599902552,44739.225136686015,13567.23806744096,19339.40698317429,42739.44586663546,14117.66017751927
transom_curvesL2_006_line_013,2195.0610298809106,20004.571143652433,44739.24579559314,13216.826226419442,20680.016721267068,42739.43185748557,13819.163681284552
transom_curvesL2_006_line_014,2238.4184007982035,21109.12472530003,44739.26643699764,12548.439186778187,21901.465055151282,42739.41994237607,13167.573854417644
transom_curvesL2_007_line_001,2032.5648542265321,12292.19109965487,42739.65436253244,1000.0000237487208,11931.207656969173,40739.40166831011,1000.0000237487207
transom_curvesL2_007_line_002,2001.7487874899064,12709.821549401315,42739.63680572041,2275.603907290253,12721.624454398607,40739.40166831029,2352.5343610836217
transom_curvesL2_007_line_003,2018.4294486262609,13373.21807227754,42739.61806377525,3490.0371224538585,13423.584270708549,40739.40166831027,3755.847311217195
transom_curvesL2_007_line_004,2050.378671465686,13986.985272232543,42739.59843979775,4731.183436669089,14120.614942260072,40739.40166831017,5161.774522294871
transom_curvesL2_007_line_005,2098.061224413605,14600.961767511373,42739.57823526281,5972.230527507395,14820.11705524765,40739.4016683103,6566.474216795896
transom_curvesL2_007_line_006,2160.5414121342906,15217.427142925806,42739.55775168172,7212.040032214084,15521.544113492679,40739.401668310136,7970.213959431384
transom_curvesL2_007_line_007,2236.620870899378,15835.736180700918,42739.53729043729,8450.931900994223,16222.901761134393,40739.401668310195,9373.988360030478
transom_curvesL2_007_line_008,2324.861298466362,16450.66341713579,42739.51715294738,9691.505765850075,16922.241461882648,40739.40166831017,10778.764820967068
transom_curvesL2_007_line_009,2424.02605613445,17064.70181044255,42739.49764065853,10932.520086778008,17619.090690016918,40739.40166831027,12184.786588932915
transom_curvesL2_007_line_010,2532.7714799843793,17672.134978871763,42739.479054988915,12176.668819655104,18287.69109754132,40739.40166831012,13603.452784341722
transom_curvesL2_007_line_011,2637.243686091834,18212.046613138915,42739.461697439096,13450.48965077741,18963.89825034573,40739.4016683102,14996.301170769937
transom_curvesL2_007_line_012,2361.21117054268,19339.40698317429,42739.44586663546,14117.66017751927,20417.967949571244,40739.40166831019,14759.413742687246
transom_curvesL2_007_line_013,2325.4624349651117,20680.016721267068,42739.43185748557,13819.163681284552,21835.743763437014,40739.40166831022,14087.398248069287
transom_curvesL2_007_line_014,2430.633518276183,21901.465055151282,42739.41994237607,13167.573854417644,23258.471327826428,40739.40166831016,13425.333780492985
transom_curvesL2_008_line_001,2027.3908044769455,11931.207656969173,40739.40166831011,1000.0000237487207,12263.340405694162,38739.40134048462,1000.0000237487204
transom_curvesL2_008_line_002,2010.7673519830676,12617.105490067574,40739.40166831019,2171.329810869379,12617.854787635002,38739.401340484816,2379.1361415057645
transom_curvesL2_008_line_003,2018.6929605059295,13238.132416162121,40739.401668310325,3380.723327494893,13298.15192774735,38739.40134048449,3648.151104140866
transom_curvesL2_008_line_004,2030.5163868299526,13841.473106935604,40739.40166831015,4599.566877220645,13945.238567095412,38739.40134048482,4934.571675934588
transom_curvesL2_008_line_005,2045.5501651044722,14446.707623794908,40739.40166831019,5817.471208059995,14590.261337724869,38739.40134048453,6222.028370736815
transom_curvesL2_008_line_006,2063.6736049987085,15053.873186424904,40739.40166831025,7034.413885431627,15234.018396544994,38739.40134048456,7510.118772873705
transom_curvesL2_008_line_007,2084.733178701521,15661.8464325924,40739.40166831008,8250.953464260698,15877.801619223535,38739.40134048461,8798.196072656725
transom_curvesL2_008_line_008,2108.614768540284,16269.60509146687,40739.4016683102,9467.600206137366,16521.54431490751,38739.40134048463,10086.293634659047
transom_curvesL2_008_line_009,2135.121769070226,16875.684887192845,40739.40166831017,10685.081108471493,17167.803781852042,38739.40134048457,11373.129223677208
transom_curvesL2_008_line_010,2164.232447101242,17479.948632997908,40739.40166831026,11903.470214999586,17814.083117214,38739.40134048453,12659.945541920735
transom_curvesL2_008_line_011,2196.290443444358,18082.75045959784,40739.4016683103,13122.580533311753,18435.828408810754,38739.40134048461,13958.658497643892
transom_curvesL2_008_line_012,2236.257617376357,18568.73057702697,40739.40166831034,14391.718582425883,19129.31658549949,38739.40134048461,15220.325936409425
transom_curvesL2_008_line_013,2227.3736566742255,19552.24424191752,40739.4016683102,15119.037173741975,20321.574354050754,38739.40134048458,15726.756906603097
transom_curvesL2_008_line_014,2208.061090985467,20791.347033606322,40739.40166831008,14570.615946992393,21592.841001806475,38739.40134048459,15053.461563272218
transom_curvesL2_008_line_015,2226.5125731527337,22025.538444206144,40739.401668310216,13999.332883940127,22897.289226301084,38739.40134048477,14443.638523137048
transom_curvesL2_008_line_016,2250.22390380864,23258.471327826428,40739.40166831016,13425.333780492985,24203.650656620473,38739.401340484525,13837.816922438922
transom_curvesL2_009_line_001,2015.6635831214132,12263.340405694162,38739.40134048462,1000.0000237487204,12012.544933207584,36739.401012659124,1000.0000237487282
transom_curvesL2_009_line_002,2000.0140474963862,12577.388526988972,38739.401340484816,2298.746703624053,12577.523599585564,36739.401012659124,2306.1535001918037
transom_curvesL2_009_line_003,2001.9557960022491,13216.037246686485,38739.40134048466,3487.973499213119,13222.844827390232,36739.40101265916,3576.1741493798972
transom_curvesL2_009_line_004,2006.2695437286304,13823.961186064602,38739.40134048511,4693.341964930431,13873.728833911699,36739.40101265908,4843.805754649555
transom_curvesL2_009_line_005,2013.457403735022,14429.257581138922,38739.401340484525,5900.0379831090995,14518.187792763016,36739.40101265906,6114.749004749575
transom_curvesL2_009_line_006,2023.4264214937866,15032.836216918458,38739.40134048457,7107.594557177485,15160.079739468683,36739.401012659095,7386.990795280577
transom_curvesL2_009_line_007,2036.14323953754,15636.380760966545,38739.4013404846,8315.168152802273,15798.019609880732,36739.40101265912,8661.218529386513
transom_curvesL2_009_line_008,2051.5173580316286,16239.907623573805,38739.401340484656,9522.750655585174,16437.521065639416,36739.401012659095,9934.662158844922
transom_curvesL2_009_line_009,2069.493009082215,16843.999072687082,38739.40134048456,10730.050392762358,17080.33053335401,36739.40101265914,11206.440405291378
transom_curvesL2_009_line_010,2090.0181344037546,17451.513659609715,38739.40134048455,11935.63142624535,17725.453197181865,36739.40101265859,12477.047736109937
transom_curvesL2_009_line_011,2113.0481442092646,18044.06140183829,38739.40134048544,13148.515634853722,18355.697236552987,36739.40101265911,13755.025531691734
transom_curvesL2_009_line_012,2138.6330374872105,18654.84803726699,38739.40134048463,14351.70302431319,19026.208332935952,36739.401012659095,15011.885944820984
transom_curvesL2_009_line_013,2158.1899887568015,19339.83880802658,38739.40134048451,15511.878522009329,19864.770711031077,36739.40101265915,16130.12540916415
transom_curvesL2_009_line_014,2116.7340199420364,20569.0481810326,38739.401340484765,15619.028042893935,21213.60711056016,36739.40101265893,15874.185614294045
transom_curvesL2_009_line_015,2172.3987275174004,21754.357954359995,38739.4013404847,14974.02162110518,22526.70532322413,36739.401012659095,15324.442028366717
transom_curvesL2_009_line_016,2229.7810929861994,22978.9360120255,38739.40134048475,14405.772954360411,23865.61856702169,36739.40101265915,14836.721278410594
transom_curvesL2_009_line_017,2250.2966951263516,24203.650656620473,38739.401340484525,13837.816922438922,25156.38542585842,36739.40101265907,14232.95027243583
transom_curvesL2_010_line_001,2001.7855846228806,12012.544933207584,36739.401012659124,1000.0000237487282,12097.068394453254,34739.400684833396,1000.0000237487227
transom_curvesL2_010_line_002,2002.627422931656,12543.87442642141,36739.40101265909,2229.3811000603946,12556.347369088926,34739.4006848334,2331.1637580933484
transom_curvesL2_010_line_003,2006.9622102519413,13143.667033202913,36739.401012659175,3428.4025114407764,13219.319941933132,34739.40068483342,3577.3073114872423
transom_curvesL2_010_line_004,2014.0858235683875,13759.809520002596,36739.40101265906,4619.6186113413105,13861.170133318294,34739.40068483356,4834.714914111318
transom_curvesL2_010_line_005,2023.6282885684784,14366.838351428583,36739.401012659095,5815.557500343552,14500.668599836004,34739.40068483343,6093.333675713289
transom_curvesL2_010_line_006,2035.5700960455795,14971.534578092187,36739.40101265913,7012.677659981738,15140.163233415198,34739.400684833585,7351.954363008441
transom_curvesL2_010_line_007,2049.8850688977245,15573.164756439888,36739.401012659095,8211.340637364356,15779.640742610205,34739.40068483395,8610.583860881214
transom_curvesL2_010_line_008,2066.5454995866853,16173.382350484462,36739.4010126591,9410.712254366266,16419.10558929479,34739.40068483414,9869.21970301959
transom_curvesL2_010_line_009,2085.4542485907436,16777.59784732294,36739.40101265916,10608.074976092728,17058.589914039247,34739.40068483385,11127.845666018893
transom_curvesL2_010_line_010,2106.5479078045287,17383.74979207001,36739.40101265891,11804.458259967212,17698.162917989208,34739.40068483342,12386.426612047691
transom_curvesL2_010_line_011,2129.771325625049,17990.46083200202,36739.40101265909,13000.55644138243,18337.92376395989,34739.400684833585,13644.912010201231
transom_curvesL2_010_line_012,2154.514609788465,18579.340936249104,36739.4010126591,14205.490161754602,18944.658882849788,34739.400684833454,14918.56427457928
transom_curvesL2_010_line_013,2177.6611568990165,19219.49107817795,36739.40101265918,15383.773347343376,19568.279050187088,34739.40068483348,16171.525690117178
transom_curvesL2_010_line_014,2120.7330101059333,20186.39056561682,36739.40101265869,16203.756652297672,20891.63151936513,34739.40068483364,16191.824091429942
transom_curvesL2_010_line_015,2141.8203001505403,21439.36515103215,36739.40101265907,15763.41370122658,22198.68604936761,34739.40068483346,15659.3720740506
transom_curvesL2_010_line_016,2166.145924735885,22684.269681986585,36739.4010126591,15267.179438783296,23504.09485057252,34739.40068483357,15125.498286541058
transom_curvesL2_010_line_017,2201.9486988902536,23941.60641963898,36739.40101265909,14801.339465811054,24860.2671547674,34739.40068483344,14733.227682872304
transom_curvesL2_010_line_018,2252.501551810775,25156.38542585842,36739.40101265907,14232.95027243583,26192.015292590026,34739.40068483338,14268.060224594064
transom_curvesL2_011_line_001,2252.678229033175,12097.068394453254,34739.400684833396,1000.0000237487227,13133.492898637094,32739.304824458868,1000.0000237487286
transom_curvesL2_011_line_002,2379.899129841377,12556.347369088926,34739.4006848334,2331.1637580933484,13841.22162131096,32739.318485632393,2218.5173172447194
transom_curvesL2_011_line_003,2363.6930338294897,13219.319941933132,34739.40068483342,3577.3073114872423,14475.192925666977,32739.33111684154,3479.585614335159
transom_curvesL2_011_line_004,2351.586806973339,13861.170133318294,34739.40068483356,4834.714914111318,15094.951412936041,32739.342710806748,4748.04101188227
transom_curvesL2_011_line_005,2341.1387079345163,14500.668599836004,34739.40068483343,6093.333675713289,15715.085545140953,32739.353261147568,6016.312667195945
transom_curvesL2_011_line_006,2332.0301121013154,15140.163233415198,34739.400684833585,7351.954363008441,16337.462167928206,32739.362761289896,7283.485322206488
transom_curvesL2_011_line_007,2323.988146342576,15779.640742610205,34739.40068483395,8610.583860881214,16961.632829283855,32739.371204657582,8549.775228211802
transom_curvesL2_011_line_008,2316.2238274088627,16419.10558929479,34739.40068483414,9869.21970301959,17586.136659082367,32739.378584678347,9815.900853674866
transom_curvesL2_011_line_009,2307.2475677747066,17058.589914039247,34739.40068483385,11127.845666018893,18208.08647683169,32739.38489477253,11083.283006357813
transom_curvesL2_011_line_010,2297.752719147627,17698.162917989208,34739.40068483342,12386.426612047691,18828.82144510449,32739.39012836295,12351.260898369472
transom_curvesL2_011_line_011,2283.1626325360135,18337.92376395989,34739.400684833585,13644.912010201231,19439.004054437624,32739.394278879154,13624.219579906823
transom_curvesL2_011_line_012,2282.3162125046806,18944.658882849788,34739.400684833454,14918.56427457928,20043.993018086636,32739.397339703566,14898.110120135218
transom_curvesL2_011_line_013,2469.533801087485,19568.279050187088,34739.40068483348,16171.525690117178,20995.96987218121,32739.3993057405,15925.984257496302
transom_curvesL2_011_line_014,2494.8209875999482,20891.63151936513,34739.40068483364,16191.824091429942,22340.11345959893,32739.400200877964,15836.817199718304
transom_curvesL2_011_line_015,2488.363536364788,22198.68604936761,34739.40068483346,15659.3720740506,23619.922237428225,32739.400354116417,15244.595671649839
transom_curvesL2_011_line_016,2493.18419666943,23504.09485057252,34739.40068483357,15125.498286541058,24949.882573270454,32739.400150172514,14771.00828559095
transom_curvesL2_011_line_017,2490.4077857097996,24860.2671547674,34739.40068483344,14733.227682872304,26272.36362612306,32739.399469029133,14277.037337193908
transom_curvesL2_011_line_018,2490.7559068886867,26192.015292590026,34739.40068483338,14268.060224594064,27600.270542723956,32739.3980929034,13798.30308473937
transom_curvesR4_001_line_001,2032.391150787434,30346.153419625498,42739.41970732037,13072.934823571866,30702.188206361785,40739.40166831048,13134.423554797597
transom_curvesR4_001_line_002,2156.483524013613,31373.241041841655,42739.433528451846,13997.497525545185,32131.80102953951,40739.40166831022,13723.854523031978
transom_curvesR4_001_line_003,2269.864251653703,32657.018935667642,42739.449449241154,13994.153639828015,33693.74002864119,40739.401668310165,13716.121321001243
transom_curvesR4_001_line_004,2570.254484565122,33596.46809782605,42739.466913197415,12995.119631983202,35190.1485628746,40739.401668310195,13252.27660144734
transom_curvesR4_001_line_005,3382.670817925416,34201.31366341977,42739.48561632618,11751.474391517839,36702.5661381523,40739.401668310275,12840.447357655066
transom_curvesR4_001_line_006,3948.117990092543,34852.06266803738,42739.5052753802,10530.802770282962,37953.24968022191,40739.401668310195,11934.3199023964
transom_curvesR4_001_line_007,4087.029608986636,35504.91315364111,42739.525606719966,9311.2253732535,38816.933114077816,40739.40166831019,10627.97859136327
transom_curvesR4_001_line_008,4046.809231476159,36157.75230888152,42739.54632677277,8091.6497081145735,39492.24112489252,40739.4016683102,9212.930510180628
transom_curvesR4_001_line_009,4002.61298267787,36852.75442497331,42739.56715199586,6895.593458066194,40196.4970373874,40739.40166831041,7811.908943530111
transom_curvesR4_001_line_010,3973.8645723460327,37571.82850651645,42739.587798906694,5714.083950575127,40930.884572961266,40739.40166831014,6426.542668534573
transom_curvesR4_001_line_011,3970.1421809003828,38308.79484721202,42739.607983852584,4543.415697141508,41699.147560567784,40739.4016683107,5059.857475923972
transom_curvesR4_001_line_012,3996.789196971594,39045.77138816833,42739.62742293599,3372.7538653603174,42489.96829928916,40739.40166831021,3705.813098810291
transom_curvesR4_001_line_013,3988.6507266440585,39827.22735690265,42739.6458323472,2232.0384019004323,43276.09235474427,40739.4016683102,2349.034684136248
transom_curvesR4_001_line_014,4233.17083031643,40342.11960217277,42739.66292933424,1000.0000237487213,44072.895683136114,40739.40166831016,1000.0000237487205
transom_curvesR4_002_line_001,2027.8398258028126,30702.188206361785,40739.40166831048,13134.423554797597,30614.053066198463,38739.40134048461,12811.36745304931
transom_curvesR4_002_line_002,2076.6396741693466,31925.690640020417,40739.401668310165,13688.738626684608,31966.693039363752,38739.40134048458,13131.289231420946
transom_curvesR4_002_line_003,2187.8575717276703,33278.792815499444,40739.40166831021,13765.446082397275,33407.89333865509,38739.40134048453,12887.91973077915
transom_curvesR4_002_line_004,2137.834850835205,34597.25203457914,40739.40166831017,13456.881904978454,34865.12415970359,38739.401340484605,12750.779176811713
transom_curvesR4_002_line_005,2178.4840281511,35895.874623403695,40739.40166831022,13059.790392735456,36247.47079107322,38739.40134048461,12271.011916554093
transom_curvesR4_002_line_006,2234.4872756753466,37178.10225883013,40739.4016683102,12626.020714468912,37608.178885939924,38739.40134048459,11727.15133092849
transom_curvesR4_002_line_007,2219.9633779406354,38143.930511668215,40739.401668310216,11685.420436008748,38973.84699034226,38739.40134048447,11196.058886109502
transom_curvesR4_002_line_008,2491.1690879674256,38864.56907497893,40739.40166831026,10534.929710956027,40342.8884010366,38739.4013404844,10678.087259640324
transom_curvesR4_002_line_009,2900.3438109752847,39445.71275159445,40739.401668310195,9306.542772611023,41492.2732847033,38739.40134048445,9779.38830223016
transom_curvesR4_002_line_010,3097.0771598817937,40055.6481725106,40739.401668310245,8092.114470290095,42363.65805547745,38739.40134048531,8606.87266895135
transom_curvesR4_002_line_011,3122.8000840712384,40683.36040523143,40739.401668310275,6886.907814914419,43044.1967516133,38739.40134048454,7309.2001299932
transom_curvesR4_002_line_012,3153.3259320749166,41329.229250894765,40739.40166831015,5691.237561712385,43744.60469373955,38739.40134048453,6022.031444207072
transom_curvesR4_002_line_013,3158.6843452059243,42016.16245997262,40739.40166831047,4518.640560334873,44451.13124145494,38739.40134048454,4738.214043596519
transom_curvesR4_002_line_014,3193.9566202269953,42699.592197372775,40739.40166831018,3344.000217820779,45186.58856054891,38739.40134048464,3471.305638515527
transom_curvesR4_002_line_015,3266.4958195781105,43380.953801852935,40739.40166831032,2168.1569004665366,45962.883454342234,38739.40134048456,2228.4304237965976
transom_curvesR4_002_line_016,3349.439033047028,44072.895683136114,40739.40166831016,1000.0000237487205,46759.66707735573,38739.401340484634,1000.000023748722
transom_curvesR4_003_line_001,2454.1088603967537,30614.053066198463,38739.40134048461,12811.36745304931,32035.80183842273,36739.40101265921,12847.136378877964
transom_curvesR4_003_line_002,2551.3182875912084,31877.02197377893,38739.40134048457,13149.802483030473,33367.9745535461,36739.401012659095,12614.74725393635
transom_curvesR4_003_line_003,2558.9625798691236,33225.029432966425,38739.40134048449,12898.55343784079,34650.116750884714,36739.40101265923,12179.238270353151
transom_curvesR4_003_line_004,2640.1762428629872,34594.74866542753,38739.401340484634,12799.560690538989,35912.62067944404,36739.40101266222,11688.821010523712
transom_curvesR4_003_line_005,2661.048737301222,35908.64451669843,38739.40134048449,12410.316628881948,37172.935448166,36739.4010126595,11192.63542610298
transom_curvesR4_003_line_006,2645.974561810089,37182.38571346927,38739.401340484605,11895.68557610642,38433.70901042364,36739.4010126591,10697.616263861411
transom_curvesR4_003_line_007,2629.11939755897,38459.73132505228,38739.4013404847,11389.991829399538,39700.566235136524,36739.40101265891,10218.4133125114
transom_curvesR4_003_line_008,2626.439823026515,39754.3253760189,38739.40134048459,10930.969970426164,40965.7601660534,36739.401012659095,9734.888626130742
transom_curvesR4_003_line_009,2586.9856745274287,40953.168638792056,38739.4013404845,10274.621104108548,42226.41424335724,36739.401012659124,9239.56593680395
transom_curvesR4_003_line_010,2605.2619804099354,41912.04036998779,38739.401340484605,9295.166049933623,43499.02117131525,36739.40101265916,8776.62905849939
transom_curvesR4_003_line_011,2789.228024107681,42619.514380432905,38739.401340484554,8120.590578205873,44557.610562082584,36739.401012659095,7967.0495418649925
transom_curvesR4_003_line_012,2801.343942643635,43263.06721739961,38739.40134048457,6906.956100011605,45220.92170913328,36739.40101265903,6787.238253045428
transom_curvesR4_003_line_013,2843.5487134509917,43920.28767579996,38739.40134048454,5700.556217246983,45940.70645534196,36739.40101265912,5639.926771092446
transom_curvesR4_003_line_014,2886.399635686495,44583.96541699386,38739.40134048461,4497.696438444326,46665.14214618869,36739.40101265706,4495.467663288145
transom_curvesR4_003_line_015,2904.590701947057,45283.57316875946,38739.40134048464,3315.913497132533,47389.6150786819,36739.40101265908,3351.031984930204
transom_curvesR4_003_line_016,2940.1193088100945,46011.789597339906,38739.401340484605,2150.9942166786113,48164.98636507674,36739.401012659095,2240.682109637848
transom_curvesR4_003_line_017,2752.274875284051,46759.66707735573,38739.401340484634,1000.000023748722,48650.43826335832,36739.40101265912,1000.0000237487226
transom_curvesR4_004_line_001,3145.8817353260356,32035.80183842273,36739.40101265921,12847.136378877964,34171.66288948273,34739.400684833614,11691.857991682773
transom_curvesR4_004_line_002,3141.9433556066424,33367.9745535461,36739.401012659095,12614.74725393635,35362.21752230973,34739.40068483355,11238.229284538475
transom_curvesR4_004_line_003,3088.9835424991497,34650.116750884714,36739.40101265923,12179.238270353151,36559.18951907004,34739.400684833476,10801.827953744232
transom_curvesR4_004_line_004,3025.9029182853283,35912.62067944404,36739.40101266222,11688.821010523712,37754.41094058795,34739.40068483348,10360.703623570273
transom_curvesR4_004_line_005,2964.7152066371955,37172.935448166,36739.4010126595,11192.63542610298,38945.96500920355,34739.400684833505,9909.708646879508
transom_curvesR4_004_line_006,2903.18388985482,38433.70901042364,36739.4010126591,10697.616263861411,40140.458307697234,34739.40068483348,9466.56702712631
transom_curvesR4_004_line_007,2845.961878229143,39700.566235136524,36739.40101265891,10218.4133125114,41334.86364189432,34739.40068483352,9023.185431604745
transom_curvesR4_004_line_008,2790.5027127191147,40965.7601660534,36739.401012659095,9734.888626130742,42526.62268345585,34739.400684833476,8572.730168708415
transom_curvesR4_004_line_009,2730.675203351196,42226.41424335724,36739.401012659124,9239.56593680395,43724.143279255666,34739.40068483348,8138.0245213677445
transom_curvesR4_004_line_010,2685.3711550589906,43499.02117131525,36739.40101265916,8776.62905849939,44908.47630359579,34739.40068483341,7669.988575231309
transom_curvesR4_004_line_011,2640.005609900586,44557.610562082584,36739.401012659095,7967.0495418649925,46047.46158306635,34739.40068483349,7101.040163002581
transom_curvesR4_004_line_012,2714.042470468487,45220.92170913328,36739.40101265903,6787.238253045428,46971.27348397383,34739.400684833454,6237.425662686845
transom_curvesR4_004_line_013,2685.252249942971,45940.70645534196,36739.40101265912,5639.926771092446,47670.52345711758,34739.400684833505,5172.688635995109
transom_curvesR4_004_line_014,2690.1436237460366,46665.14214618869,36739.40101265706,4495.467663288145,48430.883511995315,34739.40068483326,4150.462106571276
transom_curvesR4_004_line_015,2707.0111191379356,47389.6150786819,36739.40101265908,3351.031984930204,49201.11497842137,34739.40068482584,3135.6811060203536
transom_curvesR4_004_line_016,2700.5036416966063,48164.98636507674,36739.401012659095,2240.682109637848,49975.863129259524,34739.40068483344,2124.734050332039
transom_curvesR4_004_line_017,2770.5880772059363,48650.43826335832,36739.40101265912,1000.0000237487226,50567.768955297804,34739.400684833505,1000.000023748721
transom_curvesL3_001_line_001,3039.604434176029,38105.0746001297,30739.457323775812,1000.0000237487247,40393.935824837055,28739.379972698178,1000.0000237487224
transom_curvesL3_001_line_002,2848.0267390187782,37975.36031415154,30739.49722637131,2168.0313589844222,39994.10014409149,28739.36607434065,1979.8262053449275
transom_curvesL3_001_line_003,2762.149517995018,38063.68756239286,30739.54136190043,3363.9437323383836,39941.56854870306,28739.35023266186,3044.1494116726017
transom_curvesL3_001_line_004,2714.786406072319,38073.567237437666,30739.586291600648,4563.90308301104,39850.9200220736,28739.33345550333,4105.568160463592
transom_curvesL3_001_line_005,2629.6878536950367,38101.17051443474,30739.628575685627,5763.471126887797,39698.47538972008,28739.316747912304,5161.285163143161
transom_curvesL3_001_line_006,2547.1257444511184,38145.584621877155,30739.664773868426,6962.648950075616,39533.959716252786,28739.301115696366,6215.1134054841805
transom_curvesL3_001_line_007,2558.8940453642554,38039.99121726473,30739.691445133514,8155.758508590982,39366.150399779915,28739.28756455865,7268.276186168543
transom_curvesL3_001_line_008,2502.0591160717013,38178.24210906035,30739.70514528091,9293.847689991499,39334.342909336585,28739.27709999943,8333.62980035942
transom_curvesL3_001_line_009,2129.235865223155,39325.75323954116,30739.70321178309,9229.595537848762,39995.841032920136,28739.27072644763,8941.67612111607
transom_curvesL3_001_line_010,2089.7030581866793,40464.06140751417,30739.68662981486,8851.350103306679,40980.540902738896,28739.26894723922,8537.603553292372
transom_curvesL3_002_line_001,2220.0145797312566,40393.935824837055,28739.379972698178,1000.0000237487224,41357.424025010674,26739.34116748825,1000.0000237487222
transom_curvesL3_002_line_002,2174.1555938939555,39976.72838388182,28739.36417965316,2112.023022136547,40827.525075051315,26739.33386424754,2057.46778211407
transom_curvesL3_002_line_003,2121.5879884710603,39935.62829567183,28739.346086799214,3310.7472406388724,40640.18620587362,26739.32730065325,3242.4933099096856
transom_curvesL3_002_line_004,2086.576580895693,39793.7548362986,28739.32712807137,4501.462264484749,40382.13024505956,26739.321711744797,4414.3156009106515
transom_curvesL3_002_line_005,2060.42072372254,39621.62808956295,28739.308734537623,5689.05159715811,40105.190771411806,26739.31732672653,5581.6501998195945
transom_curvesL3_002_line_006,2035.4222289136421,39420.33497615653,28739.292338510946,6872.0167598394255,39772.7095370001,26739.3143706345,6734.670675676516
transom_curvesL3_002_line_007,2011.0750989156484,39329.80442616229,28739.27937186488,8067.069165094018,39441.56012532,26739.31305773782,7887.992478891183
transom_curvesL3_002_line_008,2021.0681966529994,39863.69884124704,28739.271267710206,8953.661549694765,39574.144372205534,26739.31359832861,8921.347687931951
transom_curvesL3_002_line_009,2019.9398983541216,40980.540902738896,28739.26894723922,8537.603553292372,40697.15373232789,26739.316080142653,8543.7218865234
transom_curvesL3_003_line_001,2012.9704160802073,41357.424025010674,26739.34116748825,1000.0000237487222,41586.091591351644,24739.40090835104,1000.0000237487217
transom_curvesL3_003_line_002,2024.394440985669,40827.525075051315,26739.33386424754,2057.46778211407,41075.89559161505,24739.400908351006,2249.1787914862475
transom_curvesL3_003_line_003,2023.68927074743,40640.18620587362,26739.32730065325,3242.4933099096856,40700.8406817644,24739.400908350974,3545.699056005433
transom_curvesL3_003_line_004,2044.8329472873877,40382.13024505956,26739.321711744797,4414.3156009106515,40278.66410472409,24739.40090835102,4827.780617893831
transom_curvesL3_003_line_005,2087.3143323580516,40105.190771411806,26739.31732672653,5581.6501998195945,39773.042928298186,24739.400908351057,6078.533739388506
transom_curvesL3_003_line_006,2157.536193624306,39772.7095370001,26739.3143706345,6734.670675676516,39189.18365955999,24739.40090835137,7295.74653555227
transom_curvesL3_003_line_007,2268.462750163458,39441.56012532,26739.31305773782,7887.992478891183,38553.50504705159,24739.400908350955,8486.01657671305
transom_curvesL3_003_line_008,2036.3492652137545,39574.144372205534,26739.31359832861,8921.347687931951,39196.24462416692,24739.400908350995,8986.61132892336
transom_curvesL3_003_line_009,2019.192631049073,40697.15373232789,26739.316080142653,8543.7218865234,40434.94805553092,24739.400908350988,8450.30684503737
transom_curvesL3_004_line_001,2002.1086208394338,41586.091591351644,24739.40090835104,1000.0000237487217,41677.948100847185,22739.400580525347,1000.0000237487225
transom_curvesL3_004_line_002,2007.040573362851,41129.86021422431,24739.400908350948,2109.222608906026,40962.15146120154,22739.400580525395,2118.4055268467864
transom_curvesL3_004_line_003,2023.856435363614,40780.63470072947,24739.400908350977,3256.5082371757453,40490.491995579905,22739.40058052541,3365.1856051454774
transom_curvesL3_004_line_004,2078.455722383798,40425.797878990066,24739.40090835114,4402.517817600718,39879.650357252525,22739.4005805146,4549.826212010639
transom_curvesL3_004_line_005,2174.229036336155,40016.315050031495,24739.400908350362,5530.353504084462,39177.230187413734,22739.40058052528,5682.692548562668
transom_curvesL3_004_line_006,2296.624998237844,39513.549621211554,24739.40090835139,6619.517814440229,38393.54526805148,22739.400580525402,6761.2052173009115
transom_curvesL3_004_line_007,2479.772044348964,38992.11390925537,24739.400908350875,7700.284374377569,37527.975276836994,22739.400580525296,7774.890980601556
transom_curvesL3_004_line_008,2541.258742298813,38446.025919981505,24739.40090835102,8764.53329150619,36885.28083133649,22739.400580525344,8913.091200342398
transom_curvesL3_004_line_009,2418.9491254473555,39335.9838677892,24739.400908350966,8932.104951156245,37987.255934789944,22739.40058052541,9111.678119941991
transom_curvesL3_004_line_010,2337.901144776608,40434.94805553092,24739.400908350988,8450.30684503737,39243.39696749522,22739.400580525395,8664.751374103102
transom_curvesL3_005_line_001,2104.4894739573824,41677.948100847185,22739.400580525347,1000.0000237487225,41023.06289358149,20739.400252699877,1000.0000237487228
transom_curvesL3_005_line_002,2122.0118770043136,41017.24660235824,22739.400580525424,1996.9890122118159,40317.98456101042,20739.400252699907,2115.1655427721257
transom_curvesL3_005_line_003,2253.538582140339,40592.24099050451,22739.400580525435,3118.766214057135,39556.44478115068,20739.400252699907,3193.3386123094806
transom_curvesL3_005_line_004,2398.9332343216593,40073.144094221185,22739.400580525376,4199.749427836795,38748.93816864498,20739.40025266279,4236.600722948063
transom_curvesL3_005_line_005,2560.355194011528,39469.53981787288,22739.40058054006,5236.627624293199,37871.03891016432,20739.400252699834,5222.058609373787
transom_curvesL3_005_line_006,2716.8740683110727,38792.590120123496,22739.400580525344,6227.170586396424,36954.557538678586,20739.400252699914,6172.037825661143
transom_curvesL3_005_line_007,2848.8185276138483,38057.45615529727,22739.400580525395,7175.191560996381,36029.65193874193,20739.400252699932,7113.744418716332
transom_curvesL3_005_line_008,2892.0587569076974,37270.85317351255,22739.400580525424,8081.214807127503,35182.194982011824,20739.400252699885,8120.067106688129
transom_curvesL3_005_line_009,2716.8342400953356,36970.71756163327,22739.400580525387,9159.689431106244,35136.30122155596,20739.400252699877,9286.58966006435
transom_curvesL3_005_line_010,2610.5977262313113,38113.3834397251,22739.400580525424,9068.450625842012,36437.48747809253,20739.4002526999,9149.641159068135
transom_curvesL3_005_line_011,2519.6954458885025,39243.39696749522,22739.400580525395,8664.751374103102,37721.08016562158,20739.400252715877,8841.995227385229
transom_curvesL3_006_line_001,2359.4497604200346,41023.06289358149,20739.400252699877,1000.0000237487228,39771.26344453073,18739.399924874313,1000.0000237487221
transom_curvesL3_006_line_002,2589.7140851693653,40317.98456101042,20739.400252699907,2115.1655427721257,38672.822035781566,18739.399924874313,2107.5499531854484
transom_curvesL3_006_line_003,2815.588364348402,39556.44478115068,20739.400252699907,3193.3386123094806,37574.76164917586,18739.39992487432,3214.9832559450924
transom_curvesL3_006_line_004,3080.6390759979868,38748.93816864498,20739.40025266279,4236.600722948063,36405.81945386612,18739.39992486711,4248.024112811725
transom_curvesL3_006_line_005,3305.1095786231945,37871.03891016432,20739.400252699834,5222.058609373787,35240.49135851742,18739.399924874317,5285.0474490924835
transom_curvesL3_006_line_006,3387.5278475019595,36954.557538678586,20739.400252699914,6172.037825661143,34237.21263384928,18739.399924874193,6474.329529974193
transom_curvesL3_006_line_007,3428.7908416520017,36029.65193874193,20739.400252699932,7113.744418716332,33313.07154324388,18739.39992487431,7727.581758155452
transom_curvesL3_006_line_008,3539.5976533572725,35182.194982011824,20739.400252699885,8120.067106688129,32374.976234993697,18739.39992487525,8925.22121786415
transom_curvesL3_006_line_009,2420.1770424332744,35136.30122155596,20739.400252699877,9286.58966006435,33798.408432692115,18739.399924874317,9027.170133187805
transom_curvesL3_006_line_010,2306.670511383655,36437.48747809253,20739.4002526999,9149.641159068135,35341.981725231155,18739.39992487397,8802.373708490424
transom_curvesL3_006_line_011,2180.96296713823,37721.08016562158,20739.400252715877,8841.995227385229,36887.800343813,18739.399924874302,8592.509974857841
transom_curvesL3_007_line_001,3385.5036713647396,39771.26344453073,18739.399924874313,1000.0000237487221,37039.66431626869,16739.39959704879,1000.0000237487222
transom_curvesL3_007_line_002,3503.6956105282693,38854.11063988586,18739.399924874262,1921.1781947943193,35977.35668614174,16739.399597048654,1908.2047777386333
transom_curvesL3_007_line_003,3698.761637334055,37947.66744357275,18739.399924874284,2853.0371674799217,34838.976641765585,16739.39959704876,2723.12243670841
transom_curvesL3_007_line_004,3742.347669991432,36990.297745729535,18739.399924874266,3731.5118711602013,33827.52421107816,16739.399597048785,3686.4747720403266
transom_curvesL3_007_line_005,3891.3044409796503,36016.9173108119,18739.399924874207,4593.212323781596,32681.524155178133,16739.399597048785,4461.297811927985
transom_curvesL3_007_line_006,4177.251963741236,35053.8782314078,18739.399924874295,5466.055781991608,31412.357801619146,16739.399597048832,5031.588732941943
transom_curvesL3_007_line_007,4122.090849079827,34237.21263384928,18739.399924874193,6474.329529974193,30644.065914731167,16739.399597048865,6189.850512018633
transom_curvesL3_007_line_008,4015.114204366109,33488.586051071565,18739.399924874306,7535.905527468501,30008.461274993337,16739.399597048796,7436.546050181179
transom_curvesL3_007_line_009,3531.4595092588393,32586.931958045458,18739.399924874346,8471.738340666005,29687.961977149094,16739.3995970491,8730.925539607882
transom_curvesL3_007_line_010,2843.047865653985,33026.68885491374,18739.39992487435,9138.597595914745,31045.65225583442,16739.399597048814,8740.585223989348
transom_curvesL3_007_line_011,2767.0036004580807,34311.55055217008,18739.39992487429,8943.123800474721,32434.49432376528,16739.399597048803,8578.476670974627
transom_curvesL3_007_line_012,2684.548609040807,35599.61019720173,18739.39992487403,8767.337447092197,33831.330998276935,16739.399597048825,8484.514892030016
transom_curvesL3_007_line_013,2611.5815005960667,36887.800343813,18739.399924874302,8592.509974857841,35225.31168247548,16739.399597048883,8354.837776487902
transom_curvesL3_008_line_001,9960.899863105558,37039.66431626869,16739.39959704879,1000.0000237487222,27281.614895569695,14739.40020054579,1000.0000237487214
transom_curvesL3_008_line_002,9522.344476377222,36064.92444863114,16739.399597048396,1845.518788252711,26755.479894999542,14739.400200545779,1749.1401410330418
transom_curvesL3_008_line_003,8617.478068233328,35014.11206699795,16739.399597048796,2597.750482490174,26632.14440230579,14739.4002005458,2657.3217719263976
transom_curvesL3_008_line_004,7607.8480236161995,34049.337248950986,16739.399597048796,3451.581968540229,26710.15131328521,14739.400200545797,3576.8966370918633
transom_curvesL3_008_line_005,6572.525353468492,33077.3075537921,16739.399597048832,4292.75645999268,26819.680543097777,14739.400200545791,4493.246187915048
transom_curvesL3_008_line_006,5315.222884397631,31871.463505714164,16739.39959704879,4753.477880041434,26989.56174945616,14739.400200545819,5400.495628682872
transom_curvesL3_008_line_007,4352.285960870461,30942.530817889372,16739.399597048883,5617.220820026233,27139.715958638502,14739.400200545815,6310.758595088464
transom_curvesL3_008_line_008,3721.502973930775,30368.363689596685,16739.399597048803,6774.19433275648,27262.511146706798,14739.40020054579,7225.045506413166
transom_curvesL3_008_line_009,2871.0397507807857,29763.559671897503,16739.39959704886,7915.967069609599,27705.742066166895,14739.400200545802,8006.84262240541
transom_curvesL3_008_line_010,2575.168241359324,30086.884112849166,16739.399597048807,8864.119363507603,28584.35425580943,14739.400200545771,8252.647439379178
transom_curvesL3_008_line_011,2756.352741135523,31363.366298702716,16739.399597048778,8681.979095946259,29506.28794295857,14739.40020054581,8296.307178146048
transom_curvesL3_008_line_012,3008.9578336019404,32649.405462138915,16739.399597048803,8564.202508860046,30426.514371614507,14739.400200545779,8228.665837169412
transom_curvesL3_008_line_013,3292.0541680836077,33938.58173814842,16739.399597048778,8474.775538583326,31345.2268154183,14739.400200545777,8139.912425751044
transom_curvesL3_008_line_014,3582.1292921134614,35225.31168247548,16739.399597048883,8354.837776487902,32266.3080606496,14739.400200545848,8079.247055624352
transom_curvesL3_009_line_001,3259.8883684084067,27281.614895569695,14739.40020054579,1000.0000237487214,24707.343957384983,12739.39987272031,1000.0000237487219
transom_curvesL3_009_line_002,2738.3189438737268,26656.41885358237,14739.400200545782,2145.757957366287,24789.654129627983,12739.39987272029,2029.2298814568837
transom_curvesL3_009_line_003,2540.720824379126,26699.579724375377,14739.40020054578,3474.878921537143,25202.35464187379,12739.399872720302,3012.7338702168486
transom_curvesL3_009_line_004,2513.6448172597156,26872.03522807417,14739.400200545797,4796.445915870127,25564.659835450293,12739.399872720298,4015.9470120937767
transom_curvesL3_009_line_005,2570.190692013432,27116.79310039329,14739.400200545811,6106.919530799529,25922.570872060733,12739.39987272029,5020.773982833366
transom_curvesL3_009_line_006,2660.1586869346766,27314.01130074648,14739.400200545811,7423.219327195936,26234.903193583585,12739.399872720294,6040.479792277243
transom_curvesL3_009_line_007,2835.2049271827273,28279.05938203096,14739.400200545784,8215.74540547203,26674.83741420586,12739.399872720296,7005.432410513071
transom_curvesL3_009_line_008,2964.3941325820606,29608.8011512636,14739.400200545799,8293.264929612504,27521.882637485447,12739.399872720296,7635.691831900307
transom_curvesL3_009_line_009,3124.0800284217844,30936.37281359678,14739.4002005458,8173.642072132908,28556.733095631684,12739.399872720305,7861.8897259271935
transom_curvesL3_009_line_010,3333.75249750596,32266.3080606496,14739.400200545848,8079.247055624352,29617.827607156163,12739.399872720149,7763.881092357039
transom_curvesL3_010_line_001,2065.424879244454,24707.343957384983,12739.39987272031,1000.0000237487219,24190.671473241786,10739.642518456732,1000.0000237487216
transom_curvesL3_010_line_002,2021.3018326361052,24839.688907606225,12739.399872720303,2152.813954837157,24625.315899338373,10739.642665680787,1951.1299821527045
transom_curvesL3_010_line_003,2044.3338343939934,25296.166743033566,12739.399872720302,3262.348074706867,25088.50170178147,10739.640863247861,2892.0239448913517
transom_curvesL3_010_line_004,2079.446622715983,25698.896311807643,12739.3998727203,4392.750246183746,25480.692682719062,10739.637283862898,3866.0292373148936
transom_curvesL3_010_line_005,2125.454064340019,26085.76525896429,12739.399872720289,5528.431584491981,25865.63283343632,10739.632100073855,4842.847490207843
transom_curvesL3_010_line_006,2180.756857698703,26468.102430832063,12739.399872720289,6664.082191434728,26227.27844367228,10739.625484469607,5828.255250193304
transom_curvesL3_010_line_007,2216.787439574692,27282.964759808714,12739.399872720272,7517.784734299976,26834.78765636623,10739.617609472627,6672.707971037521
transom_curvesL3_010_line_008,2216.6631555540835,28423.49583350746,12739.399872720276,7859.753564544791,27737.798951400073,10739.608643764552,7193.23246836632
transom_curvesL3_010_line_009,2218.404619137121,29617.827607156163,12739.399872720149,7763.881092357039,28772.512024126947,10739.59873216169,7308.297930335022
transom_curvesL3_011_line_001,2002.889200408759,24190.671473241786,10739.642518456732,1000.0000237487216,24293.606453256612,8739.400148391698,1000.0000237487225
transom_curvesL3_011_line_002,2000.5776378770117,24698.771498889793,10739.642523522445,2081.9129984858023,24683.856367653243,8739.400148391704,2115.3624344315754
transom_curvesL3_011_line_003,2000.9249438853876,25200.55512122584,10739.640014343311,3170.31166322469,25252.895747647453,8739.400148391689,3171.56407943814
transom_curvesL3_011_line_004,2005.8128428197858,25648.77498870094,10739.635248633784,4283.459996346638,25792.75246221859,8739.40014839169,4243.270553705926
transom_curvesL3_011_line_005,2012.2267565064262,26062.718783067852,10739.62848398237,5409.548892999311,26271.399221288408,8739.400148391684,5341.758039600306
transom_curvesL3_011_line_006,2007.3425630892573,26622.545228120227,10739.619977935432,6461.161451201587,26785.299678925177,8739.40014839171,6415.820654638056
transom_curvesL3_011_line_007,2058.519003043808,27596.495242894198,10739.60998562209,7142.900978479196,27890.038552440703,8739.400148391693,6754.966166481476
transom_curvesL3_011_line_008,2119.46418123424,28772.512024126947,10739.59873216169,7308.297930335022,29087.300331594866,8739.400148391685,6682.005376889848
transom_curvesL3_012_line_001,1999.6610370980245,24293.606453256612,8739.400148391698,1000.0000237487225,24290.282721777894,6739.74187356147,1000.0000237487211
transom_curvesL3_012_line_002,1999.9171510440276,24683.856367653243,8739.400148391704,2115.3624344315754,24708.032908729005,6739.734516608569,2094.8327737663685
transom_curvesL3_012_line_003,2001.3754154378894,25252.895747647453,8739.400148391689,3171.56407943814,25321.275625565184,6739.722004930288,3125.574206880109
transom_curvesL3_012_line_004,2002.3226789444861,25792.75246221859,8739.40014839169,4243.270553705926,25879.110485109868,6739.705453436284,4187.957540183467
transom_curvesL3_012_line_005,2016.1089859597737,26271.399221288408,8739.400148391684,5341.758039600306,26495.759023652565,6739.68596576159,5217.253782087083
transom_curvesL3_012_line_006,2074.7483263048207,26785.299678925177,8739.40014839171,6415.820654638056,27256.913000388624,6739.664646290543,6127.342901320646
transom_curvesL3_012_line_007,2112.5542999859554,27890.038552440703,8739.400148391693,6754.966166481476,28418.331209042568,6739.642514204975,6325.126726827976
transom_curvesL3_012_line_008,2148.336139161314,29087.300331594866,8739.400148391685,6682.005376889848,29588.849414265173,6739.620096795516,6078.120926239614
transom_curvesL4_001_line_001,2022.6092512875405,24290.282721777894,6739.74187356147,1000.0000237487211,24588.354334623677,4739.216568295511,1000.0000237487235
transom_curvesL4_001_line_002,2028.9507025092491,24814.91134164534,6739.732763273822,2263.307507179017,24998.16878738394,4739.217172811845,1978.7112420722747
transom_curvesL4_001_line_003,2128.410318952413,25503.82400498127,6739.716895002261,3480.402772802637,25733.78421062323,4739.220755434525,2791.008846793126
transom_curvesL4_001_line_004,2395.7697502471506,26187.660365369826,6739.696031172907,4700.758369215815,26606.85921706214,4739.226947440745,3450.9149934398974
transom_curvesL4_001_line_005,2840.872259602699,26947.790713703347,6739.671922848899,5873.359511180271,27579.168130492384,4739.235380588803,3957.5903723382703
transom_curvesL4_001_line_006,2811.8358339267315,28216.389140065814,6739.646275771971,6336.404654204802,28584.552696823328,4739.2456892736245,4394.9428734923495
transom_curvesL4_001_line_007,2519.4212952088146,29586.16175197278,6739.6201510037745,6079.1978597189645,29661.283963640286,4739.257508271701,4549.364661743512
transom_curvesL4_001_line_008,2269.4435404149904,30757.735089255522,6739.593994076682,5324.078033627838,30714.561641989356,4739.270490988929,4252.996374940125
transom_curvesL4_001_line_009,2132.940071810077,32007.54707639743,6739.568152757283,4702.160258274663,31778.59691067008,4739.284315078539,3997.9729676567536
transom_curvesL4_001_line_010,2095.3260066919343,33343.757574275754,6739.542958620553,4292.532818679311,32869.74578180124,4739.298660854377,3886.667515692515
transom_curvesL4_001_line_011,2161.595502793691,34726.260463549064,6739.518742816042,4076.403275078363,33961.6090405839,4739.313205908517,3781.4776417744038
transom_curvesL4_001_line_012,2246.170891224013,36074.91558166707,6739.495836743104,3704.5796496940666,35053.29795006856,4739.32762778006,3674.4429072904245
transom_curvesL4_001_line_013,2386.6877096744934,37432.473893738024,6739.474575305575,3370.667443512406,36138.67985248844,4739.341604160977,3518.462233943734
transom_curvesL4_001_line_014,2569.044248441599,38807.684530427476,6739.455296383499,3111.0049932134807,37201.58009515471,4739.354814708734,3252.47921931984
transom_curvesL4_001_line_015,2811.9107029366746,40170.229718897,6739.438338548691,2791.8428435075903,38193.731478261856,4739.366940618083,2788.539930259827
transom_curvesL4_001_line_016,3094.4754994616737,41507.87914561751,6739.424039978081,2382.1449114814172,39150.21583022011,4739.377658957883,2251.696524117137
transom_curvesL4_001_line_017,3365.7743872130545,42837.1421537007,6739.412738799759,1944.4598549055393,40135.67645723115,4739.386643829947,1770.0582039456608
transom_curvesL4_001_line_018,3647.1878091293966,44181.60169171345,6739.4047736058965,1556.1228757923582,41140.11348254878,4739.3935693505255,1329.6641125982942
transom_curvesL4_001_line_019,3840.2118684162733,45463.88638698313,6739.400483430858,1000.0000237487221,42185.59144929329,4739.398109471673,1000.0000237487221
